Question,Source Docs,Question Type,Source Chunk Type,Answer,Generated Answers
How has Apple's total net sales changed over time?,*AAPL*,Multi-Doc RAG,Table,"Based on the provided documents, Apple's total net sales have changed over time as follows:

- For the quarterly period ended June 25, 2022, the total net sales were $82,959 million. (SOURCE: 2022 Q3 AAPL.pdf)
- For the quarterly period ended December 31, 2022, the total net sales were $117,154 million. (SOURCE: 2023 Q1 AAPL.pdf)
- For the quarterly period ended April 1, 2023, the total net sales were $94,836 million. (SOURCE: 2023 Q2 AAPL.pdf)
- For the quarterly period ended July 1, 2023, the total net sales were $81,797 million. (SOURCE: 2023 Q3 AAPL.pdf)

From these figures, it can be observed that there was an increase in total net sales from the quarter ended June 25, 2022, to the quarter ended December 31, 2022. However, there was a subsequent decrease in total net sales in the quarters ended April 1, 2023, and July 1, 2023.

SOURCE(S): 2022 Q3 AAPL.pdf, 2023 Q1 AAPL.pdf, 2023 Q2 AAPL.pdf, 2023 Q3 AAPL.pdf","Apple's total net sales increased by 8% from $282,457 million in the first nine months of 2021 to $304,182 million in the same period of 2022. However, in the first nine months of 2023, total net sales decreased by 3% to $293,787 million compared to the previous year. Overall, there has been fluctuation in net sales over time, with a notable increase in 2022 followed by a decline in 2023."
What are the major factors contributing to the change in Apple's gross margin in the most recent 10-Q compared to the previous quarters?,*AAPL*,Multi-Doc RAG,Text,"In the most recent 10-Q for the quarter ended July 1, 2023, the factors contributing to the change in Apple's gross margin compared to previous quarters include:

1. Weakness in foreign currencies relative to the U.S. dollar, which had an unfavorable impact on gross margin.
2. Lower Products volume, which decreased gross margin.
3. Cost savings and a different Products mix, which partially offset the decrease in gross margin.

For the third quarter of 2023, the Products gross margin percentage increased compared to the same quarter in 2022 due to cost savings and a different Products mix, despite the negative impact of foreign currency weakness and decreased leverage. However, the year-over-year Products gross margin percentage for the first nine months of 2023 decreased due to the weakness in foreign currencies and decreased leverage, despite cost savings and a different Products mix.

The Services gross margin increased due to higher Services net sales but was partially offset by the weakness in foreign currencies and higher Services costs. The Services gross margin percentage decreased due to higher Services costs, partially offset by improved leverage.

SOURCE(S): 2023 Q3 AAPL.pdf","The major factors contributing to the change in Apple's gross margin in the most recent 10-Q include weakness in foreign currencies relative to the U.S. dollar and higher Services costs. These factors have caused a decrease in the Services gross margin percentage compared to the same periods in 2022. Additionally, improved leverage was noted as a partial offset to these pressures."
"Has there been any significant change in Apple's operating expenses over the reported quarters? If so, what are the key drivers for this change?",*AAPL*,Multi-Doc RAG,Table,"Yes, there has been a change in Apple's operating expenses over the reported quarters. The key drivers for this change are increases in research and development (""R&D"") expense and selling, general and administrative expense. The growth in R&D expense is primarily driven by increases in headcount-related expenses.

For the third quarter of 2022, the total operating expenses were $12,809 million, with R&D expenses of $6,797 million and selling, general and administrative expenses of $6,012 million.

For the first quarter of 2023, the total operating expenses increased to $14,316 million, with R&D expenses of $7,709 million and selling, general and administrative expenses of $6,607 million.

For the second quarter of 2023, the total operating expenses were $13,658 million, with R&D expenses of $7,457 million and selling, general and administrative expenses of $6,201 million.

For the third quarter of 2023, the total operating expenses were $13,415 million, with R&D expenses of $7,442 million and selling, general and administrative expenses of $5,973 million.

The consistent increase in R&D expenses indicates the company's continued investment in innovation and product development. The selling, general and administrative expenses have also increased, although they saw a slight decrease in the third quarter of 2023 compared to the second quarter of 2023.

SOURCE(S): 2022 Q3 AAPL.pdf, 2023 Q1 AAPL.pdf, 2023 Q2 AAPL.pdf, 2023 Q3 AAPL.pdf","Yes, there has been a significant change in Apple's operating expenses over the reported quarters, primarily driven by increased payroll and related costs for technical teams and spending on infrastructure. Additionally, the weakness in foreign currencies relative to the U.S. dollar has negatively impacted gross margins. These factors, along with macroeconomic conditions like inflation and interest rate changes, have contributed to the volatility in financial performance."
How has Apple's revenue from iPhone sales fluctuated across quarters?,*AAPL*,Multi-Doc RAG,Table,"The revenue from iPhone sales for Apple has fluctuated across the quarters as follows:

- In the quarter ended June 25, 2022, the revenue from iPhone sales was $40,665 million. (""2022 Q3 AAPL.pdf"")
- In the quarter ended December 31, 2022, the revenue from iPhone sales was $65,775 million. (""2023 Q1 AAPL.pdf"")
- In the quarter ended April 1, 2023, the revenue from iPhone sales was $51,334 million. (""2023 Q2 AAPL.pdf"")
- In the quarter ended July 1, 2023, the revenue from iPhone sales was $39,669 million. (""2023 Q3 AAPL.pdf"")

SOURCE(S): ""2022 Q3 AAPL.pdf"", ""2023 Q1 AAPL.pdf"", ""2023 Q2 AAPL.pdf"", ""2023 Q3 AAPL.pdf""","Apple's iPhone revenue has fluctuated across quarters, with a decrease in net sales during the third quarter and the first nine months of 2023 compared to the same periods in 2022. For example, in the three months ended July 1, 2023, iPhone sales were $39,669 million, down from $40,665 million in the same quarter of 2022. Overall, revenue trends indicate some variability, primarily influenced by changes in sales of specific iPhone models."
Can any trends be identified in Apple�s Services segment revenue over the reported periods?,*AAPL*,Multi-Doc RAG,Table,"Based on the provided documents, there is a trend of increasing revenue in Apple's Services segment over the reported periods. The net sales for Services have shown growth from each period to the next. Specifically:

- In the quarter ended June 25, 2022, Services net sales were $19,604 million.
- In the quarter ended December 31, 2022, Services net sales increased to $20,766 million.
- In the quarter ended April 1, 2023, Services net sales further increased to $20,907 million.
- Finally, in the quarter ended July 1, 2023, Services net sales again increased to $21,213 million.

This consistent increase over the reported periods indicates a positive trend in the revenue of Apple's Services segment.

SOURCE(S): 2022 Q3 AAPL.pdf, 2023 Q1 AAPL.pdf, 2023 Q2 AAPL.pdf, 2023 Q3 AAPL.pdf","Apple's Services segment revenue has shown consistent year-over-year growth, with increases reported in both the third quarter of 2022 and 2023, driven by higher sales from advertising, cloud services, and the App Store. Additionally, the first nine months of both 2022 and 2023 also saw revenue growth, particularly from cloud services and advertising. However, gross margins have faced downward pressure due to currency fluctuations and rising service costs."
What is the impact of foreign exchange rates on Apple's financial performance? List this out separately for each reported period.,*AAPL*,Multi-Doc RAG,Table,"- For the quarterly period ended June 25, 2022, weakness in foreign currencies relative to the U.S. dollar had an unfavorable impact on the Company’s total net sales.
  
  SOURCE(S): 2023 Q1 AAPL.pdf, Item 2. Management’s Discussion and Analysis of Financial Condition and Results of Operations

- For the quarterly period ended December 31, 2022, weakness in foreign currencies relative to the U.S. dollar had an unfavorable impact on the Company’s total net sales, which decreased 5% or $6.8 billion during the first quarter of 2023 compared to the same quarter in 2022.

  SOURCE(S): 2023 Q2 AAPL.pdf, Item 2. Management’s Discussion and Analysis of Financial Condition and Results of Operations

- For the quarterly period ended April 1, 2023, weakness in foreign currencies relative to the U.S. dollar had an unfavorable impact on the Company’s total net sales, which decreased 3% or $2.4 billion during the second quarter of 2023 compared to the same quarter in 2022.

  SOURCE(S): 2023 Q3 AAPL.pdf, Item 2. Management’s Discussion and Analysis of Financial Condition and Results of Operations

- For the quarterly period ended July 1, 2023, weakness in foreign currencies relative to the U.S. dollar had an unfavorable impact on the Company’s total net sales, which decreased 1% or $1.2 billion during the third quarter of 2023 compared to the same quarter in 2022.

  SOURCE(S): 2023 Q3 AAPL.pdf, Item 2. Management’s Discussion and Analysis of Financial Condition and Results of Operations",I don't know.
Are there any notable changes in Apple's liquidity position or cash flows as reported in these 10-Qs?,*AAPL*,Multi-Doc RAG,Table,"Based on the provided documents, there are no explicit details indicating notable changes in Apple Inc.'s liquidity position or cash flows between the quarterly reports. The documents provided do not contain specific financial data or comparative analysis that would allow for an assessment of changes in the company's liquidity or cash flows.

SOURCE(S): 2022 Q3 AAPL.pdf, 2023 Q1 AAPL.pdf, 2023 Q2 AAPL.pdf, 2023 Q3 AAPL.pdf","The retrieved context does not provide specific information regarding notable changes in Apple's liquidity position or cash flows as reported in the 10-Qs. Therefore, I don't know the answer."
How does Apple's R&D expenditure in the most recent quarter compare to previous quarters and what implications might this have?,*AAPL*,Multi-Doc RAG,Table,"In the most recent quarter ended July 1, 2023, Apple Inc.'s research and development (R&D) expenditure was $7,442 million. This amount represents an increase compared to the R&D expenditure of $6,797 million in the quarter ended June 25, 2022, and $7,457 million in the quarter ended April 1, 2023.

The increase in R&D expenditure suggests that Apple Inc. is continuing to invest in the development of new products, technologies, and enhancements to existing offerings. This strategic investment is indicative of the company's commitment to innovation and could potentially lead to the introduction of new revenue streams, the strengthening of its competitive position in the market, and the enhancement of its product portfolio.

SOURCE(S): 2023 Q3 AAPL.pdf","The retrieved context does not provide specific information about Apple's R&D expenditure for the most recent quarter or how it compares to previous quarters. Therefore, I cannot determine the implications of any changes in R&D spending. Overall, the context mainly focuses on net sales, stock repurchases, and macroeconomic conditions affecting the company."
What legal proceedings or contingencies are disclosed in these 10-Qs and how might they potentially impact Apple?,*AAPL*,Multi-Doc RAG,Text,"The legal proceedings disclosed in the provided 10-Q documents include the following:

1. Epic Games Lawsuit: Epic Games, Inc. filed a lawsuit against Apple Inc. in the U.S. District Court for the Northern District of California, alleging violations of federal and state antitrust laws and California's unfair competition law based on Apple's operation of its App Store. The District Court ruled in favor of Apple on most counts but found that certain provisions of Apple's App Store Review Guidelines violated California's unfair competition law and issued an injunction. The case was appealed to the U.S. Court of Appeals for the Ninth Circuit, which affirmed the District Court's ruling. Further appeals and requests for review are mentioned, including a potential appeal to the U.S. Supreme Court and the Circuit Court's stay of the injunction pending such appeal.

2. European Commission State Aid Decision: The European Commission issued a decision that Ireland granted state aid to Apple by providing tax opinions in 1991 and 2007 concerning the tax allocation of profits of the Irish branches of two Apple subsidiaries. The decision ordered Ireland to recover additional taxes from Apple for the period June 2003 through December 2014. Both Apple and Ireland appealed the decision to the General Court of the Court of Justice of the European Union, which annulled the decision. The European Commission appealed the annulment to the European Court of Justice, and a hearing was held with a decision expected in calendar year 2024.

These legal proceedings and contingencies could potentially impact Apple in several ways:

- The Epic Games lawsuit could lead to changes in Apple's App Store policies and practices, particularly regarding the prohibition of developers from including external links to purchasing mechanisms other than Apple in-app purchasing. If the injunction takes effect, it could impact Apple's App Store revenue and operating model.
- The European Commission State Aid Decision could result in Apple being required to pay additional taxes for the specified period if the appeal by the European Commission is successful. Apple believes it would be eligible to claim a U.S. foreign tax credit for a portion of any incremental Irish corporate income taxes potentially due related to the decision.

Both matters could have financial implications for Apple, including potential monetary liabilities and changes to business practices that could affect future revenue and profitability.

SOURCE(S): 2022 Q3 AAPL.pdf, 2023 Q1 AAPL.pdf, 2023 Q2 AAPL.pdf, 2023 Q3 AAPL.pdf","Apple is currently involved in various legal proceedings that are typical for its business operations, though these cases have not yet been resolved. Management believes there is not a reasonable possibility of incurring a material loss beyond what has already been recorded. Thus, while the litigation outcomes are uncertain, the company does not anticipate significant negative impacts at this time."
Has Apple engaged in any significant share repurchase activities in the reported quarters and what are the financial implications of these activities?,*AAPL*,Multi-Doc RAG,Table,"Yes, Apple has engaged in significant share repurchase activities in the reported quarters. The financial implications of these activities include a reduction in the number of shares outstanding, which can lead to an increase in earnings per share (EPS) and potentially enhance shareholder value. The repurchase activities are as follows:

- In the quarter ended June 25, 2022, Apple repurchased 408 million shares of its common stock for $65.0 billion under a share repurchase program authorized by the Board of Directors.
  
- In the quarter ended December 31, 2022, Apple repurchased 133 million shares of its common stock under an authorized share repurchase program for $19.0 billion, excluding excise tax due under the Inflation Reduction Act of 2022.

- In the quarter ended April 1, 2023, Apple repurchased 262 million shares of its common stock under an authorized share repurchase program for $38.1 billion, excluding excise tax due under the Inflation Reduction Act of 2022.

- In the quarter ended July 1, 2023, Apple repurchased 365 million shares of its common stock for $56.1 billion, excluding excise tax due under the Inflation Reduction Act of 2022.

These repurchases are part of Apple's capital return program, which includes share repurchases and dividends, aimed at returning excess cash to shareholders.

SOURCE(S): 2022 Q3 AAPL.pdf, 2023 Q1 AAPL.pdf, 2023 Q2 AAPL.pdf, 2023 Q3 AAPL.pdf","Yes, Apple engaged in significant share repurchase activities, buying back $19.0 billion in Q1 2023, $38.1 billion over six months ending April 2023, and $18.0 billion in Q3 2023. These activities can enhance shareholder value by reducing the number of outstanding shares, potentially increasing earnings per share and providing a return of capital to shareholders. Additionally, the repurchase program reflects Apple's strong cash flow and commitment to returning value to investors."
Are there any significant changes in Apple�s debt structure or interest expenses across these quarters?,*AAPL*,Multi-Doc RAG,Table,"Based on the provided documents, there are changes in Apple's debt structure and interest expenses across the quarters:

1. Commercial Paper:
   - As of June 25, 2022, the Company had $10.0 billion of Commercial Paper outstanding (""2022 Q3 AAPL.pdf"").
   - As of December 31, 2022, the Company had $1.7 billion of Commercial Paper outstanding (""2023 Q1 AAPL.pdf"").
   - As of April 1, 2023, the Company had $2.0 billion of Commercial Paper outstanding (""2023 Q2 AAPL.pdf"").
   - As of July 1, 2023, the Company had $4.0 billion of Commercial Paper outstanding (""2023 Q3 AAPL.pdf"").

2. Term Debt:
   - As of June 25, 2022, the aggregate carrying amount of the Company's outstanding fixed-rate notes was not explicitly stated in the provided context (""2022 Q3 AAPL.pdf"").
   - As of December 31, 2022, the aggregate carrying amount of the Company's outstanding fixed-rate notes was $109.4 billion (""2023 Q1 AAPL.pdf"").
   - As of April 1, 2023, the aggregate carrying amount of the Company's outstanding fixed-rate notes was $107.6 billion (""2023 Q2 AAPL.pdf"").
   - As of July 1, 2023, the aggregate carrying amount of the Company's outstanding fixed-rate notes was $105.3 billion (""2023 Q3 AAPL.pdf"").

3. Interest Expense:
   - For the quarter ended June 25, 2022, the interest expense was $719 million (""2022 Q3 AAPL.pdf"").
   - For the quarter ended December 31, 2022, the interest expense was $1,003 million (""2023 Q1 AAPL.pdf"").
   - For the quarter ended April 1, 2023, the interest expense was $930 million (""2023 Q2 AAPL.pdf"").
   - For the quarter ended July 1, 2023, the interest expense was $998 million (""2023 Q3 AAPL.pdf"").

These figures indicate that there has been a decrease in the amount of Commercial Paper outstanding from the third quarter of 2022 to the first quarter of 2023, followed by an increase in the subsequent quarters. The aggregate carrying amount of the Company's outstanding fixed-rate notes has decreased over the quarters. Interest expenses have fluctuated, with an increase in the first quarter of 2023 compared to the third quarter of 2022, followed by a slight decrease in the second quarter of 2023 and a subsequent increase in the third quarter of 2023.

SOURCE(S): ""2022 Q3 AAPL.pdf,"" ""2023 Q1 AAPL.pdf,"" ""2023 Q2 AAPL.pdf,"" ""2023 Q3 AAPL.pdf""","Yes, there are changes in Apple's interest expenses across the quarters. In Q3 2023, Apple paid $2,590 in interest, an increase from $1,910 in Q3 2022. Additionally, in Q1 2023, interest expenses were $703, which also shows an upward trend from $531 in Q1 2022."
What is the effective tax rate reported by Apple in these quarters and how does it compare across the periods?,*AAPL*,Multi-Doc RAG,Table,"The effective tax rates reported by Apple in the provided quarters are as follows:

- For the quarter ended June 25, 2022, the effective tax rate was 15.7%.
  
- For the quarter ended December 31, 2022, the effective tax rate was 15.8%.

- For the quarter ended April 1, 2023, the effective tax rate was 14.9%.

- For the quarter ended July 1, 2023, the effective tax rate was 12.5%.

Comparing across the periods, the effective tax rate decreased from 15.7% in the quarter ended June 25, 2022, to 12.5% in the quarter ended July 1, 2023.

SOURCE(S): 2022 Q3 AAPL.pdf, 2023 Q1 AAPL.pdf, 2023 Q2 AAPL.pdf, 2023 Q3 AAPL.pdf","For the three months ended June 25, 2022, Apple's effective tax rate was 15.7%, up from 10.8% the previous year, and for the nine months ended June 25, 2022, it was 16.3%, compared to 13.8% for the prior year. In the first nine months of 2023, the effective tax rate was 19%, significantly higher than the 11% reported for the same period in 2022. Overall, Apple's effective tax rate has shown an increasing trend across these periods."
Does Apple report any significant new business acquisitions or divestitures in these 10-Qs?,*AAPL*,Multi-Doc RAG,Text,"No, Apple does not report any significant new business acquisitions or divestitures in the provided 10-Q documents.

SOURCE(S): 2022 Q3 AAPL.pdf, 2023 Q1 AAPL.pdf, 2023 Q2 AAPL.pdf, 2023 Q3 AAPL.pdf","The provided context does not mention any significant new business acquisitions or divestitures reported by Apple in the 10-Qs. For detailed information on such matters, it is advisable to check Apple's investor relations website or press releases. Therefore, I don't know if there have been any significant acquisitions or divestitures."
How have Apple's inventory levels changed across these quarters and what might this indicate about their supply chain management?,*AAPL*,Multi-Doc RAG,Table,"Apple's inventory levels have changed as follows across the quarters:

- As of June 25, 2022, the inventory level was $6,580 million (from ""2022 Q3 AAPL.pdf"").
- As of December 31, 2022, the inventory level increased to $6,820 million (from ""2023 Q1 AAPL.pdf"").
- As of April 1, 2023, the inventory level further increased to $7,482 million (from ""2023 Q2 AAPL.pdf"").
- As of July 1, 2023, the inventory level slightly decreased to $7,351 million (from ""2023 Q3 AAPL.pdf"").

The increase in inventory levels from June 25, 2022, to April 1, 2023, could indicate that Apple has been building up its inventory, possibly in anticipation of increased demand, new product launches, or as a strategy to mitigate potential supply chain disruptions. The slight decrease in inventory levels by July 1, 2023, might suggest that Apple has started to sell through its inventory, possibly due to successful sales or adjustments in production to align with demand.

These changes could indicate proactive supply chain management, where Apple is adjusting its inventory levels in response to anticipated market conditions, product lifecycle stages, or to ensure product availability amidst global supply chain challenges.

SOURCE(S): ""2022 Q3 AAPL.pdf"", ""2023 Q1 AAPL.pdf"", ""2023 Q2 AAPL.pdf"", ""2023 Q3 AAPL.pdf""","Apple's inventory levels have increased significantly due to supply chain challenges, long lead times, and rising demand for data center products. This suggests that Apple is actively managing its supply chain by increasing purchase obligations and entering new supplier agreements to mitigate future risks. However, this heightened inventory could lead to potential provisions or impairments if demand does not align with supply commitments."
Are there any significant changes or new disclosures in Apple�s accounting policies as reported in these 10-Qs?,*AAPL*,Multi-Doc RAG,Text,"No, there are no significant changes or new disclosures in Apple's accounting policies as reported in these 10-Qs. The notes to the condensed consolidated financial statements in each of the provided 10-Q filings state that there have been no material changes to the Company's critical accounting estimates since the 2022 Form 10-K.

SOURCE(S): 2023 Q1 AAPL.pdf, 2023 Q2 AAPL.pdf, 2023 Q3 AAPL.pdf",There were no significant changes or new disclosures in Apple’s accounting policies as reported in the 10-Qs for the second and third quarters of 2023. Both reports indicate that there were no changes in internal control over financial reporting that materially affected or are likely to materially affect the company's financial reporting. The financial statements fairly present the company's financial condition and results of operations for the respective periods.
"Summarize the risk factors to Apple's business, and how they have changed over the reporting period",*AAPL*,Multi-Doc RAG,Text,"The risk factors to Apple's business have not changed over the reporting period. The risk factors mentioned include various challenges and uncertainties that could potentially affect the company's business, reputation, results of operations, financial condition, and stock price. These risks encompass a wide range of issues such as macroeconomic conditions like inflation, interest rate changes, and currency fluctuations, which can have both direct and indirect impacts on the company's performance. Additionally, legal proceedings and the outcome of litigation, which are inherently uncertain, could also materially affect the company's financial condition and operating results if resolved unfavorably. However, there have been no material changes to these risk factors as per the information provided in the context documents.

SOURCE(S): 2022 Q3 AAPL.pdf, 2023 Q1 AAPL.pdf, 2023 Q2 AAPL.pdf, 2023 Q3 AAPL.pdf","Apple's business faces various risk factors that can adversely affect its reputation, operations, financial condition, and stock price. Over the reporting period, there have been no material changes to these risk factors since the 2022 Form 10-K. Additionally, the company's gross margins may experience volatility and downward pressure due to these risks."
What was the gross margin for Apple in the latest 10-Q report?,*2023 Q3 AAPL*,Single-Doc Single-Chunk RAG,Table,"The gross margin for Apple in the latest 10-Q report for the three months ended July 1, 2023, was $36,413 million.

SOURCE(S): 2023 Q3 AAPL.pdf",I don't know.
How did Apple's operating expenses for Q1 2023 compare to its revenue for the same quarter?,*2023 Q1 AAPL*,Single-Doc Single-Chunk RAG,Table,"Apple's operating expenses for Q1 2023 were $14,316 million, while its total net sales (revenue) for the same quarter were $117,154 million.

SOURCE(S): 2023 Q1 AAPL.pdf","In Q1 2023, Apple's total operating income was $28,318 million. The expenses for research and development and other corporate expenses totaled $9,170 million. This indicates that while Apple's operating expenses were significant, they were outweighed by its revenue."
"In the second quarter of 2023, what was the primary driver behind the change in Apple's net income?",*2023 Q2 AAPL*,Single-Doc Single-Chunk RAG,Text,"The primary driver behind the change in Apple's net income in the second quarter of 2023 was the decrease in total net sales, which declined by 3% or $2.4 billion compared to the same quarter in 2022. This decrease in net sales was primarily due to lower net sales of Mac, partially offset by higher net sales of Services.

SOURCE(S): 2023 Q2 AAPL.pdf","In the second quarter of 2023, the primary driver behind the change in Apple's net income was the increase in Services net sales, which rose due to higher sales from cloud services, music, and advertising. This growth contrasted with decreases in net sales from other product segments like Mac and iPad. Additionally, macroeconomic conditions such as inflation and currency fluctuations also played a role in impacting Apple’s financial results."
"For the latest quarter, what was the total revenue generated from Apple's iPhone sales?",*2023 Q3 AAPL*,Single-Doc Single-Chunk RAG,Table,"The total revenue generated from Apple's iPhone sales for the latest quarter ended July 1, 2023, was $39,669 million.

SOURCE(S): 2023 Q3 AAPL.pdf","For the latest quarter ending July 1, 2023, Apple's iPhone sales generated a total revenue of $39,669 million."
What percentage of Apple�s total revenue did the Services segment contribute in Q3 2023?,*2023 Q3 AAPL*,Single-Doc Single-Chunk RAG,Table,"The Services segment contributed 21,213 million dollars to Apple's total net sales of 81,797 million dollars in Q3 2023. To calculate the percentage contribution of the Services segment to the total net sales:

(21,213 / 81,797) * 100 = 25.93%

Therefore, the Services segment contributed approximately 25.93% of Apple's total revenue in Q3 2023.

SOURCE(S): 2023 Q3 AAPL.pdf","The retrieved context does not provide the specific percentage of Apple's total revenue that the Services segment contributed in Q3 2023. Therefore, I don't know the answer."
How did foreign exchange rates specifically affect Apple's financial performance in the most recent 10-Q?,*2023 Q3 AAPL*,Single-Doc Single-Chunk RAG,Text,"Foreign exchange rates had an unfavorable impact on Apple's total net sales, which decreased by 1% or $1.2 billion during the third quarter of 2023 compared to the same quarter in 2022. This impact was due to the weakness in foreign currencies relative to the U.S. dollar. Additionally, the weakness in foreign currencies relative to the U.S. dollar had a net unfavorable year-over-year impact on Europe net sales, Greater China net sales, Japan net sales, and Rest of Asia Pacific net sales during the third quarter and first nine months of 2023.

SOURCE(S): 2023 Q3 AAPL.pdf","In the most recent 10-Q, Apple's financial performance was negatively impacted by the weakness of foreign currencies relative to the U.S. dollar, which led to a decrease in services gross margin percentage. Additionally, fluctuations in foreign exchange rates reduced reported revenue and expenses from international operations. These factors contributed to overall volatility and downward pressure on gross margins."
What was Apple's cash flow from operating activities as reported in the Q3 2022 10-Q?,*2022 Q3 AAPL*,Single-Doc Single-Chunk RAG,Table,"The cash generated by operating activities for the nine months ended June 25, 2022, was $98,024 million.

SOURCE(S): 2022 Q3 AAPL.pdf","Apple's cash flow from operating activities as reported in the Q3 2022 10-Q was $75,132 million."
"In the first quarter of 2023, how much did Apple spend on research and development, and what was the focus of this expenditure?",*2023 Q1 AAPL*,Single-Doc Single-Chunk RAG,Text,"In the first quarter of 2023, Apple Inc. spent $7,709 million on research and development. The focus of this expenditure is not explicitly detailed in the provided context document.

SOURCE(S): 2023 Q1 AAPL.pdf","The provided context does not specify how much Apple spent on research and development in the first quarter of 2023 or the focus of that expenditure. Therefore, I don't know the answer."
"What specific legal proceedings or potential liabilities were mentioned in Apple's Q2 2023 10-Q, and what is their potential impact?",*2023 Q2 AAPL*,Single-Doc Single-Chunk RAG,Text,"The specific legal proceedings mentioned in Apple's Q2 2023 10-Q include the lawsuit filed by Epic Games, Inc. (""Epic"") against Apple Inc. Epic filed the lawsuit in the U.S. District Court for the Northern District of California alleging violations of federal and state antitrust laws and California’s unfair competition law based on Apple’s operation of its App Store. Apple filed a counterclaim for breach of contract. On September 10, 2021, the court ruled in favor of Apple on nine out of ten counts in Epic's claim and in favor of Apple on Apple’s claims for breach of contract. The court found that certain provisions of Apple’s App Store Review Guidelines violate California’s unfair competition law and issued an injunction. On April 24, 2023, the U.S. Court of Appeals for the Ninth Circuit affirmed the District Court’s ruling. Apple is considering further review of the decision.

The potential impact of this legal proceeding is not quantified in the 10-Q report, but it is stated that if one or more legal matters were resolved against the Company in a reporting period for amounts above management’s expectations, Apple's financial condition and operating results for that reporting period could be materially adversely affected.

Additionally, the 10-Q report mentions that Apple is subject to other legal proceedings and claims that have not been fully resolved and that have arisen in the ordinary course of business. It is noted that the outcome of litigation is inherently uncertain. The report does not detail these other legal proceedings or their potential impact but indicates that they could materially and adversely affect Apple's business, reputation, results of operations, financial condition, and stock price if they were resolved unfavorably.

SOURCE(S): 2023 Q2 AAPL.pdf","Apple's Q2 2023 10-Q mentions that the company is subject to various legal proceedings and claims arising in the ordinary course of business. Management believes there is not a reasonable possibility of incurring a material loss regarding these legal contingencies. The outcome of such litigation remains uncertain, but they do not expect a significant impact on the company's financial condition."
"Did Apple report any share repurchase activities in its Q3 2023 10-Q, and if so, what was the scale of these buybacks?",*2023 Q3 AAPL*,Single-Doc Single-Chunk RAG,Table,"Yes, Apple reported share repurchase activities in its Q3 2023 10-Q. During the three months ended July 1, 2023, the Company repurchased 102,673,000 shares of its common stock for $18.0 billion, excluding excise tax due under the Inflation Reduction Act of 2022.

SOURCE(S): 2023 Q3 AAPL.pdf","Yes, Apple reported share repurchase activities in its Q3 2023 10-Q, repurchasing $18.0 billion of its common stock. Additionally, it paid dividends and dividend equivalents totaling $3.8 billion during the same quarter."
What changes in debt structure or interest expenses did Apple disclose in the Q1 2023 10-Q?,*2023 Q1 AAPL*,Single-Doc Single-Chunk RAG,Table,"Apple disclosed in its Q1 2023 10-Q that as of December 31, 2022, the Company had $1.7 billion of Commercial Paper outstanding, which was a decrease from the $10.0 billion of Commercial Paper outstanding as of September 24, 2022. Additionally, the interest expense for the three months ended December 31, 2022, was $1,003 million, compared to $694 million for the three months ended December 25, 2021.

SOURCE(S): 2023 Q1 AAPL.pdf",I don't know.
"What effective tax rate did Apple report in its latest quarterly filing, and how does this compare to the statutory tax rate?",*2023 Q3 AAPL*,Single-Doc Single-Chunk RAG,Table,"Apple reported an effective tax rate of 12.5% for the third quarter of 2023, which is lower than the statutory federal income tax rate of 21%.

SOURCE(S): 2023 Q3 AAPL.pdf","In its latest quarterly filing for the three months ended June 25, 2022, Apple reported an effective tax rate of 15.7%. This is lower than the statutory federal income tax rate of 21%. The lower effective rate is attributed to factors such as lower foreign earnings taxation and various tax benefits."
Were there any significant acquisitions or divestitures reported by Apple in the Q2 2023 10-Q?,*2023 Q2 AAPL*,Single-Doc Single-Chunk RAG,Text,"No, there were no significant acquisitions or divestitures reported by Apple in the Q2 2023 10-Q.

SOURCE(S): 2023 Q2 AAPL.pdf","The provided context does not mention any significant acquisitions or divestitures reported by Apple in the Q2 2023 10-Q. It mainly discusses stock repurchases and dividends. Therefore, I don't know of any significant acquisitions or divestitures for that period."
How did Apple's inventory levels in the Q3 2022 report reflect on their supply chain efficiency?,*2022 Q3 AAPL*,Single-Doc Single-Chunk RAG,Table,"The Q3 2022 report does not provide specific commentary on how inventory levels reflect on Apple's supply chain efficiency. However, the report does provide a figure for inventories under the ""Current assets"" section in the ""CONDENSED CONSOLIDATED BALANCE SHEETS (Unaudited)"" table, which shows that inventories were $5,433 million as of June 25, 2022, compared to $6,580 million as of September 25, 2021. This indicates a decrease in inventory levels, but without further context or analysis within the report, it is not possible to determine how this reflects on supply chain efficiency.

SOURCE(S): 2022 Q3 AAPL.pdf","The provided context does not specifically address Apple's inventory levels in Q3 2022 or their implications for supply chain efficiency. It mentions disruptions related to the COVID-19 pandemic affecting supply shortages and operational capacity, which could imply challenges in supply chain management. Therefore, I don't have enough information to answer the question directly."
"What significant accounting policy changes, if any, did Apple disclose in its most recent 10-Q?",*2023 Q3 AAPL*,Single-Doc Single-Chunk RAG,Text,"Apple did not disclose any changes to its significant accounting policies in its most recent 10-Q for the fiscal quarter ended July 1, 2023.

SOURCE(S): 2023 Q3 AAPL.pdf","The retrieved context does not indicate any significant accounting policy changes disclosed by Apple in its most recent 10-Q for the fiscal quarter ended July 1, 2023. There were no changes in the company’s internal control over financial reporting during that period. Therefore, it appears there were no significant accounting policy changes reported."
"What risk factors did Apple highlight in its Q3 2023 10-Q, and what new or increased risks were emphasized?",*2023 Q3 AAPL*,Single-Doc Single-Chunk RAG,Text,"The context provided does not contain specific details regarding the risk factors highlighted by Apple in its Q3 2023 10-Q. Additionally, there is no information given about any new or increased risks that were emphasized in the report. To obtain this information, one would typically refer to the ""Risk Factors"" section of the 10-Q filing, which is not included in the provided context.

SOURCE(S): 2023 Q3 AAPL.pdf","Apple highlighted that its business, reputation, results of operations, financial condition, and stock price can be affected by various known and unknown factors, as stated in its 2022 Form 10-K. There have been no material changes to the risk factors since that report. Additionally, the future gross margins may face volatility and downward pressure due to various influences."
How does Apple's revenue distribution among different product segments in the latest 10-Q compare to their respective cost of sales for those segments? ,*2023 Q3 AAPL*,Single-Doc Multi-Chunk RAG,Table,"The revenue distribution among different product segments and their respective cost of sales for the three months ended July 1, 2023, as reported in the latest 10-Q, are as follows:

- iPhone: Revenue was $39,669 million, and the cost of sales was not separately disclosed for iPhone.
- Mac: Revenue was $6,840 million, and the cost of sales was not separately disclosed for Mac.
- iPad: Revenue was $5,791 million, and the cost of sales was not separately disclosed for iPad.
- Wearables, Home and Accessories: Revenue was $8,284 million, and the cost of sales was not separately disclosed for Wearables, Home and Accessories.
- Services: Revenue was $21,213 million, and the cost of sales was $6,248 million.

The cost of sales for individual product segments is not provided in the context document. The total cost of sales for Products was $39,136 million, and for Services, it was $6,248 million. The total net sales for all segments combined was $81,797 million.

SOURCE(S): 2023 Q3 AAPL.pdf","The provided context does not include specific revenue distribution or cost of sales figures for Apple's product segments in the latest 10-Q. Therefore, I cannot compare the revenue distribution among different product segments to their respective cost of sales. I don't know the answer."
"In Apple's Q1 2023 10-Q, what is the correlation between Apple's R&D expenditure and the new products or services introduced by the company? ",*2023 Q1 AAPL*,Single-Doc Multi-Chunk RAG,Text,"In the ""Quarterly Highlights"" section of the 2023 Q1 AAPL.pdf document, it is mentioned that during the first quarter of 2023, Apple announced a new iPad, a new iPad Pro powered by the Apple M2 chip, and a new Apple TV 4K. Additionally, in the ""Operating Expenses"" section, it is stated that the growth in research and development (R&D) expense during the first quarter of 2023 compared to the same quarter in 2022 was driven primarily by increases in headcount-related expenses. While the document does not explicitly state a direct correlation between R&D expenditure and the introduction of new products or services, the mention of new product announcements in the same period as an increase in R&D expenses suggests that the company's investment in R&D may be related to its product development efforts.

SOURCE(S): 2023 Q1 AAPL.pdf","The retrieved context does not provide specific details about the correlation between Apple's R&D expenditure and the new products or services introduced in Q1 2023. Therefore, I don't know the answer to the question."
"For Apple's Q2 2023 report, analyze the relationship between Apple's revenue from international markets and its segment on foreign currency risk to understand the company's exposure to currency fluctuations. ",*2023 Q2 AAPL*,Single-Doc Multi-Chunk RAG,Text,"Apple's Q2 2023 report indicates that international markets are a significant component of the company's revenue. The report shows that net sales in various regions outside the United States, such as Europe, Greater China, Japan, and the Rest of Asia Pacific, collectively contribute to the company's total net sales. However, the report also highlights that the company's revenue is impacted by currency fluctuations. Specifically, it mentions that the weakness in foreign currencies relative to the U.S. dollar had an unfavorable impact on the company's total net sales, which decreased by 3% during the second quarter of 2023 compared to the same quarter in 2022.

The segment on foreign currency risk within the report discusses how Apple uses derivative instruments to partially offset its business exposure to foreign exchange risk. The company may enter into forward contracts, option contracts, or other instruments to protect its gross margins from fluctuations in foreign currency exchange rates. Apple hedges portions of its forecasted foreign currency exposure associated with revenue and inventory purchases, typically for up to 12 months. Additionally, the company may enter into derivative instruments to protect its foreign currency–denominated term debt or marketable securities from fluctuations in foreign currency exchange rates.

In summary, Apple's revenue from international markets is subject to foreign currency risk, and the company actively manages this exposure through the use of derivative instruments to mitigate the impact of currency fluctuations on its financial results.

SOURCE(S): 2023 Q2 AAPL.pdf","Apple's revenue from international markets is significantly influenced by foreign currency fluctuations, which can affect both revenue and expenses. To mitigate this risk, Apple uses various hedging instruments, such as forward contracts, to protect its gross margins from currency changes. In Q2 2023, the weakness of foreign currencies relative to the U.S. dollar negatively impacted Apple's reported revenue and services gross margin."
"From Apple's most recent 10-Q, how do the insights from the liquidity and capital resources section correlate with the reported changes in Apple's cash flow from operations? ",*2023 Q3 AAPL*,Single-Doc Multi-Chunk RAG,Text,"The ""Liquidity and Capital Resources"" section of Apple's most recent 10-Q report indicates that the company believes its balances of cash, cash equivalents, and unrestricted marketable securities, along with cash generated by ongoing operations and continued access to debt markets, will be sufficient to satisfy its cash requirements and capital return program over the next 12 months and beyond. This suggests that the company expects to maintain a strong liquidity position.

The ""CONDENSED CONSOLIDATED STATEMENTS OF CASH FLOWS"" section shows that Apple's cash generated by operating activities was $88.9 billion for the nine months ended July 1, 2023. This indicates that the company's operations are generating a significant amount of cash, which supports the company's assessment in the ""Liquidity and Capital Resources"" section that the cash generated from operations will contribute to meeting its cash requirements.

In summary, the insights from the ""Liquidity and Capital Resources"" section correlate with the reported changes in Apple's cash flow from operations by confirming that the company's operations continue to generate substantial cash flows, which, along with its other liquid assets, are expected to cover its financial needs.

SOURCE(S): 2023 Q3 AAPL.pdf","The liquidity and capital resources section indicates a significant increase in cash paid for income taxes and interest, which correlates with the decline in cash generated by operating activities, from $75,132 million to $62,565 million. The higher cash outflows suggest that while Apple is earning substantial income, increased tax payments and interest obligations are impacting its cash flow. This trend highlights the importance of managing cash outflows alongside operating income to maintain liquidity."
"In Apple's Q3 2023 10-Q, analyze how the reported changes in Apple's inventory levels relate to the discussion in their supply chain and logistics section. ",*2023 Q3 AAPL*,Single-Doc Multi-Chunk RAG,Text,"The reported changes in Apple's inventory levels for Q3 2023 show an increase in total inventories from $4,946 million as of September 24, 2022, to $7,351 million as of July 1, 2023. This increase is reflected in both components and finished goods, with components increasing from $1,637 million to $3,788 million and finished goods increasing from $3,309 million to $3,563 million.

The discussion in the supply chain and logistics section, specifically regarding manufacturing purchase obligations, indicates that Apple has entered into noncancelable manufacturing purchase obligations primarily with its outsourcing partners who manufacture subassemblies or assemble final products for the company. As of July 1, 2023, Apple had manufacturing purchase obligations of $38.4 billion, with $38.1 billion payable within 12 months. These obligations are for the acquisition of components and building products based on demand information supplied by Apple, which typically covers periods up to 150 days.

The increase in inventory levels could be associated with Apple's strategy to ensure the availability of components and finished products to meet anticipated customer demand, considering the lead times and obligations with its manufacturing partners. The noncancelable nature of these obligations suggests that Apple is committed to these inventory levels to maintain its supply chain operations.

SOURCE(S): 2023 Q3 AAPL.pdf","The provided context does not include specific information regarding changes in Apple's inventory levels or details about their supply chain and logistics section in Q3 2023. Therefore, I cannot analyze the relationship between inventory changes and supply chain discussions. I don't know the answer."
"In Apple's Q3 2022 10-Q, how does the information about legal contingencies relate to the financial provisions or reserves set aside by Apple for these potential liabilities? ",*2023 Q3 AAPL*,Single-Doc Multi-Chunk RAG,Text,"The provided context does not contain any specific information regarding financial provisions or reserves set aside by Apple for potential liabilities related to legal contingencies. The text only states that the Company is subject to various legal proceedings and claims that have not been fully resolved and have arisen in the ordinary course of business. It also mentions that the outcome of litigation is inherently uncertain and that if one or more legal matters were resolved against the Company in a reporting period for amounts above management’s expectations, the Company’s financial condition and operating results for that reporting period could be materially adversely affected.

SOURCE(S): 2023 Q3 AAPL.pdf","In Apple's Q3 2022 10-Q, the company indicates that it is involved in various legal proceedings but does not anticipate a reasonable possibility of incurring a material loss beyond what has been accrued. This suggests that Apple has not set aside significant financial provisions or reserves for these potential liabilities, as management believes the risks are manageable. Therefore, the legal contingencies do not appear to necessitate additional financial reserves."
"From the latest 10-Q, how does Apple's discussion on market risk in the financial section align with the risk factors mentioned in the company's business overview? ",*2023 Q3 AAPL*,Single-Doc Multi-Chunk RAG,Text,"The discussion on market risk in the financial section of the latest 10-Q states that there have been no material changes to the Company’s market risk during the first nine months of 2023. This aligns with the risk factors mentioned in the company's business overview, where it is stated that there have been no material changes to the Company’s risk factors since the 2022 Form 10-K.

SOURCE(S): 2023 Q3 AAPL.pdf","Apple's latest 10-Q indicates that there have been no material changes to the risk factors since the 2022 Form 10-K, which suggests consistency in their assessment of risks. The discussion on market risk in the financial section likely aligns with these established risk factors, emphasizing how external factors can impact the company's performance and stock price. Overall, both sections reflect a proactive approach to identifying and addressing potential risks to the business."
"In Apple's Q1 2023 10-Q, combine the data on Apple's debt instruments from the financial statements with the management discussion to understand their debt management strategy. ",*2023 Q1 AAPL*,Single-Doc Multi-Chunk RAG,Table,"Apple's Q1 2023 10-Q report provides information on the company's debt instruments and management's discussion on their debt management strategy. From the financial statements, we can see that Apple has various notes with different maturity dates and interest rates. For instance, the report lists instruments such as 1.375% Notes due 2024, 0.000% Notes due 2025, and 3.600% Notes due 2042, among others, all registered with The Nasdaq Stock Market LLC.

In the management discussion section, specifically under ""Liquidity and Capital Resources,"" it is mentioned that Apple believes its balances of cash, cash equivalents, and unrestricted marketable securities, along with cash generated by ongoing operations and continued access to debt markets, will be sufficient to satisfy its cash requirements and capital return program over the next 12 months and beyond. The report also mentions that Apple's contractual cash requirements have not changed materially since the 2022 Form 10-K, except for commercial paper and manufacturing purchase obligations.

The report details that Apple issues unsecured short-term promissory notes (""Commercial Paper"") under a commercial paper program, which is used for general corporate purposes, including dividends and share repurchases. As of December 31, 2022, Apple had $1.7 billion of Commercial Paper outstanding, all of which was payable within 12 months.

Combining this information, we can infer that Apple's debt management strategy involves maintaining a mix of short-term and long-term debt instruments, ensuring sufficient liquidity through a combination of cash reserves, ongoing operations, and access to debt markets, and using instruments like commercial paper for immediate corporate needs, including shareholder returns.

SOURCE(S): 2023 Q1 AAPL.pdf",I don't know.
"For Apple's Q2 2023, how do the details from the revenue recognition policies section relate to Apple's reported segment revenues? ",*2023 Q2 AAPL*,Single-Doc Multi-Chunk RAG,Text,"The context provided does not contain a specific section titled ""revenue recognition policies."" Therefore, I cannot directly relate details from a revenue recognition policies section to Apple's reported segment revenues for Q2 2023. However, the segment revenues for Q2 2023 are presented in the ""Segment Operating Performance"" section of the ""Management’s Discussion and Analysis of Financial Condition and Results of Operations"" in the 2023 Q2 AAPL.pdf file.

SOURCE(S): 2023 Q2 AAPL.pdf","The revenue recognition policies inform how Apple recognizes and categorizes its revenue across different segments, which is reflected in the reported segment revenues. For Q2 2023, the consistency in the proportion of net sales by disaggregated revenue source indicates stability across segments, with notable variations like the higher iPhone revenue in Greater China. Additionally, the deferred revenue figures suggest expectations for future revenue realization, impacting reported segment performance."
"In the most recent 10-Q, analyze how Apple's reported tax rate in the financial statements section correlates with the discussion on tax contingencies in the notes. ",*2023 Q3 AAPL*,Single-Doc Multi-Chunk RAG,Table,"In the most recent 10-Q, the reported effective tax rate for Apple in the third quarter of 2023 was 12.5%, and for the first nine months of 2023, it was 14.6%. This is lower than the U.S. statutory federal income tax rate of 21%. The reduction in the effective tax rate is attributed primarily to a lower effective tax rate on foreign earnings, including the favorable impact of changes in unrecognized tax benefits, tax benefits from share-based compensation, and the U.S. federal R&D credit, partially offset by state income taxes.

In the notes section, specifically in the discussion on tax contingencies, Apple mentions the European Commission's State Aid Decision, which ordered Ireland to recover additional taxes from Apple for the period June 2003 through December 2014. However, Apple believes it would be eligible to claim a U.S. foreign tax credit for a portion of any incremental Irish corporate income taxes potentially due related to the State Aid Decision. This indicates that while there is a tax contingency that could potentially affect Apple's taxes, the company has considered the impact and believes it can mitigate some of the potential additional tax costs through U.S. foreign tax credits.

The correlation between the reported tax rate and the discussion on tax contingencies is that both reflect the impact of international tax matters on Apple's overall tax position. While the effective tax rate reflects current benefits from foreign earnings and tax credits, the tax contingencies note reflects potential future impacts that could arise from decisions by tax authorities, which Apple plans to address through mechanisms like foreign tax credits.

SOURCE(S): 2023 Q3 AAPL.pdf","Apple's reported tax rate in the financial statements reflects the complexities and uncertainties surrounding tax contingencies, which increased from approximately $4.0 billion in December 2022 to $5.0 billion by September 2023. The notes highlight that changes in tax laws and potential additional assessments from tax authorities can significantly affect these contingencies. This correlation indicates that Apple's tax rate may be influenced by unresolved tax controversies and the potential for adjustments based on future assessments or settlements."
"From Apple's Q3 2023 10-Q, how does the information in the operational expenses section relate to the insights shared in Apple's segment reporting? ",*2023 Q3 AAPL*,Single-Doc Multi-Chunk RAG,Table,"In the ""Segment Operating Performance"" section of Apple's Q3 2023 10-Q, it is reported that net sales decreased in the Americas and increased in Europe and Greater China, while Japan and Rest of Asia Pacific experienced a mix of increases and decreases. The changes in net sales are attributed to various factors, including the performance of different product categories like iPhone, Mac, iPad, Wearables, Home and Accessories, and Services.

The ""Operating Expenses"" section provides details on the company's Research and Development (R&D) and Selling, General and Administrative (SG&A) expenses. R&D expenses increased due to higher headcount-related expenses, while SG&A expenses remained relatively flat compared to the same periods in the previous year.

The relationship between the information in the ""Operating Expenses"" section and the insights shared in the ""Segment Operating Performance"" section is that the operating expenses are part of the factors that impact the profitability and financial performance of each segment. The increase in R&D expenses reflects the company's continued investment in developing new and improved products, which can lead to future revenue growth in various segments. Meanwhile, the control of SG&A expenses, despite changes in net sales across different segments, indicates the company's management of its operating costs to maintain profitability.

The segment reporting provides a revenue perspective, while the operating expenses section offers a view of the costs associated with generating that revenue, both of which are crucial for understanding the company's overall financial performance.

SOURCE(S): 2023 Q3 AAPL.pdf","The operational expenses section, particularly the research and development and other corporate expenses, directly influences the total operating income reported in Apple's segment reporting. For Q3 2023, segment operating income was $32,090 million, but after accounting for $7,442 million in R&D and $1,650 million in other expenses, the total operating income decreased to $22,998 million. This demonstrates how the allocation of operational expenses impacts the overall financial performance across segments."
"In Apple's Q3 2022 report, compare the data on capital expenditures in the financial statements with the discussion on future investment plans in the company's management's discussion section. ",*2023 Q3 AAPL*,Single-Doc Multi-Chunk RAG,Table,"The context provided does not contain specific data on capital expenditures in the financial statements or a detailed discussion on future investment plans in the company's management's discussion section for Q3 2022. The information provided in the context is related to Q3 2023, and it does not include the detailed breakdown or discussion required to compare capital expenditures with future investment plans for Q3 2022.

SOURCE(S): 2023 Q3 AAPL.pdf",I don't know.
"In the latest 10-Q, how does the revenue from new product launches by Apple compare with the company's marketing and advertising expenses? ",*2023 Q3 AAPL*,Single-Doc Multi-Chunk RAG,Table,"The latest 10-Q does not provide a direct comparison between the revenue from new product launches and the company's marketing and advertising expenses. 

SOURCE(S): 2023 Q3 AAPL.pdf",I don't know.
"For Apple's Q1 2023, combine the share repurchase data from the financial statements with the equity section in the management discussion to understand Apple's shareholder value strategy. ",*2022 Q1 AAPL*,Single-Doc Multi-Chunk RAG,Table,"The context provided does not include specific financial statements or management discussion documents for Apple's Q1 2023. Therefore, I am unable to provide the requested information regarding share repurchase data or the equity section from the management discussion to understand Apple's shareholder value strategy.

SOURCE(S): The guidance above.","In Q1 2023, Apple repurchased $19.0 billion worth of its common stock, reflecting its commitment to enhancing shareholder value through share repurchase programs. Over the nine months ended July 1, 2023, the total repurchase amounted to 365 million shares for $56.1 billion, indicating a robust strategy to return capital to shareholders. The company’s flexibility in its repurchase program underscores its approach to managing equity while navigating macroeconomic conditions."
"In Apple's Q2 2023 10-Q, how does the discussion on employee compensation in the human resources section relate to the reported expenses in the financial statements? ",*2023 Q2 AAPL*,Single-Doc Multi-Chunk RAG,Text,"The context provided does not contain a specific section titled ""human resources,"" nor does it include a discussion on employee compensation in relation to reported expenses in the financial statements. Therefore, I cannot provide an answer to the question based on the given context.

SOURCE(S): 2023 Q2 AAPL.pdf",I don't know.
"From the most recent 10-Q, how does Apple's environmental commitments section relate to the expenses and investments reported in the financial statements related to sustainability initiatives? ",*2023 Q3 AAPL*,Single-Doc Multi-Chunk RAG,Text,"The provided context document ""2023 Q3 AAPL.pdf"" does not contain any information regarding Apple's environmental commitments or how they relate to expenses and investments reported in the financial statements related to sustainability initiatives. Therefore, I cannot provide an answer to the question based on the given context.

SOURCE(S): 2023 Q3 AAPL.pdf","The retrieved context does not provide specific details about Apple's environmental commitments or how they relate to expenses and investments in sustainability initiatives as reported in the financial statements. Therefore, I don't know the answer to how these sections are connected."
